,Annualized Return (%),Annualized Volatility (%),Sharpe Ratio,Beta vs ACWI,Max Drawdown (%),Alpha (%),Information Ratio,Correlation vs ACWI
Original Portfolio,16.466022420672832,15.819046171174483,0.7880388163597662,1.0341819732417699,-26.362204248959408,5.283223899018219,2.1123532833598424,0.9867972179149843
New Portfolio,16.259098255143066,15.997896657441087,0.7662943771699514,1.0450582524228667,-27.136991227143188,5.000759718245101,1.9319594734319963,0.9860271169505519
IDEXX Laboratories Inc. (Standalone),5.931022788812168,34.11348003173989,0.05660585747966799,1.3967246126116828,-53.204367743200145,-7.7697762409543705,-0.1824774077812698,0.6180107185301306
