,Annualized Return (%),Annualized Volatility (%),Sharpe Ratio,Beta vs ACWI,Max Drawdown (%),Alpha (%),Information Ratio,Correlation vs ACWI
Original Portfolio,16.466022809831095,15.819048758986437,0.7880387120464138,1.0341821047564415,-26.36220518667949,5.283223374755688,2.112348556196243,0.9867971625400692
New Portfolio,18.875814682595916,14.4811391792418,1.027254451356967,0.9233723307747398,-21.847035973475613,8.462632492197208,1.9357230828619356,0.9624659347423098
Cencora Inc. (Standalone),29.296335805994623,20.57356195993016,1.2295554778148146,0.3554722391185145,-17.69556556263811,22.82744199456402,0.8297491892128467,0.2607999111551357
