,Annualized Return (%),Annualized Volatility (%),Sharpe Ratio,Beta vs ACWI,Max Drawdown (%),Alpha (%),Information Ratio,Correlation vs ACWI
Original Portfolio,16.46602200767715,15.8190470066502,0.7880387486323629,1.0341818923698316,-26.36220716076859,5.283217979914359,2.112353366379458,0.986797249497326
New Portfolio,17.48571450058709,15.720744074217013,0.8578292755687367,1.014009539801947,-25.872086227640743,6.443015474026772,1.8194322873021784,0.9735993173068311
HCA Healthcare Inc. (Standalone),23.59433413915948,28.853388301692895,0.6790999356567712,0.8260881500906113,-35.38976224741325,13.856823808011615,0.48366940849679313,0.4321563407506426
