,Annualized Return (%),Annualized Volatility (%),Sharpe Ratio,Beta vs ACWI,Max Drawdown (%),Alpha (%),Information Ratio,Correlation vs ACWI
Original Portfolio,16.466021433233813,15.819049518913781,0.7880385871685289,1.0341822710744368,-26.36220338788301,5.283218820415753,2.1123513948313666,0.9867972228736098
New Portfolio,17.060791252639017,15.128380879926024,0.8633304090042769,0.9838193624970112,-24.72015536316855,6.22777884744386,2.1093939890621662,0.9815990544057103
Gilead Sciences Inc. (Standalone),20.230469695736343,23.477629666281807,0.6913163690901164,0.45352756041706055,-25.61766474746099,13.080542417864653,0.3881012521139272,0.2915819605342735
