,Annualized Return (%),Annualized Volatility (%),Sharpe Ratio,Beta vs ACWI,Max Drawdown (%),Alpha (%),Information Ratio,Correlation vs ACWI
Original Portfolio,16.466023266220198,15.819047763432811,0.7880387904913316,1.0341817408809202,-26.362206762064794,5.283224335804704,2.112351292843491,0.9867971930836863
New Portfolio,13.35211276136381,14.21939813331007,0.6577010274053542,0.8513616192621307,-18.95731420601465,3.43907147809389,0.37098753698227593,0.9037415097625958
Bristol-Myers Squibb Company (Standalone),1.9613712666403105,23.60082787663389,-0.08637954329466736,0.30290125440576243,-47.402112549784555,-4.142397075192886,-0.35324980295971875,0.19372479562643283
