,Annualized Return (%),Annualized Volatility (%),Sharpe Ratio,Beta vs ACWI,Max Drawdown (%),Alpha (%),Information Ratio,Correlation vs ACWI
Original Portfolio,16.46602276548066,15.819048120843151,0.7880387410324295,1.0341818398396143,-26.362206184605714,5.283221125159776,2.1123544815807564,0.9867972508522739
New Portfolio,16.048482171427892,15.855763498530036,0.7598802903779995,1.0357940305345699,-26.621901391017715,4.854483229508641,1.8941057739107512,0.9860469978743075
Edwards Lifesciences Corporation (Standalone),-0.8948374521285385,33.047706591357006,-0.14811428558884293,1.0879215296715326,-53.04515600300538,-12.450882479062072,-0.4124111710605461,0.49689842019075053
