,Annualized Return (%),Annualized Volatility (%),Sharpe Ratio,Beta vs ACWI,Max Drawdown (%),Alpha (%),Information Ratio,Correlation vs ACWI
Original Portfolio,16.466021783589003,15.819046331603198,0.7880387680946642,1.034181865304615,-26.36220302781499,5.28321794380496,2.112348562573725,0.9867971856410718
New Portfolio,15.889442302434741,15.787879700904933,0.7530740370255836,1.0313667373792208,-26.77171877186914,4.726190644283712,1.8518087291788008,0.9860537624359654
Zoetis Inc. (Standalone),-3.8467773158125773,26.90635382697872,-0.29163287475780897,0.9403442677914737,-49.42261264723328,-14.377841767829489,-0.6466316791161008,0.5275253262193502
