,Annualized Return (%),Annualized Volatility (%),Sharpe Ratio,Beta vs ACWI,Max Drawdown (%),Alpha (%),Information Ratio,Correlation vs ACWI
Original Portfolio,16.46602209541992,15.819049044846404,0.7880386526446197,1.0341816674595055,-26.362207532716386,5.283221652346978,2.1123492871698297,0.9867971824754063
New Portfolio,20.110770869625405,14.109774004248665,1.1418163653630602,0.8645041305140704,-20.907940626891765,10.106447986056216,1.595700027621058,0.9248226408694151
Cencora Inc. (Standalone),29.29633183675957,20.573576238883877,1.2295544315212312,0.35547151967775986,-17.69556386919973,22.827441631701664,0.8297480049604522,0.2607993225744796
