,Annualized Return (%),Annualized Volatility (%),Sharpe Ratio,Beta vs ACWI,Max Drawdown (%),Alpha (%),Information Ratio,Correlation vs ACWI
Original Portfolio,16.466022271834024,15.819048868784577,0.7880386725672859,1.0341821767226838,-26.362204177924937,5.283218291727001,2.1123466038631378,0.9867971616542748
New Portfolio,18.046271048344266,14.597880604719125,0.9622130382271699,0.8890184565462235,-22.336921363472612,7.871686481140753,1.1862294336334351,0.9192469139731866
Gilead Sciences Inc. (Standalone),20.23046482535298,23.47763506231512,0.6913160027521315,0.4535272960168415,-25.61766474746095,13.080538496860013,0.3881008402178382,0.291581720059015
