,Annualized Return (%),Annualized Volatility (%),Sharpe Ratio,Beta vs ACWI,Max Drawdown (%),Alpha (%),Information Ratio,Correlation vs ACWI
Original Portfolio,16.466022957596714,15.819049728447695,0.7880386730929122,1.0341822416995623,-26.36220328311695,5.2832205487987585,2.1123490817195507,0.9867971843753716
New Portfolio,23.238689125472977,16.170233152611978,1.189759538029008,0.9184442742798794,-16.207826728628582,12.859732419735337,1.4609734037559334,0.8573294572081139
Eli Lilly and Company (Standalone),40.19924775014749,33.37704639977531,1.0845551555571793,0.5712303720208304,-34.47499891093058,32.231828153590804,0.8895203203807077,0.2583298578543309
