,Annualized Return (%),Annualized Volatility (%),Sharpe Ratio,Beta vs ACWI,Max Drawdown (%),Alpha (%),Information Ratio,Correlation vs ACWI
Original Portfolio,16.466021658884422,15.819048429678558,0.7880386556941421,1.0341826721021157,-26.362207861316563,5.283214238171466,2.1123481780398885,0.9867971997193378
New Portfolio,17.55408433240122,15.314390597282774,0.8850554154473581,0.9995067265265986,-23.81059765109363,6.612115059453585,2.5123365356476883,0.9851378574879084
McKesson Corporation (Standalone),36.1472229414308,23.07714777755685,1.393032763463726,0.3406637605917769,-22.89722181259038,29.781178476024223,1.0244647460882743,0.22282032963392537
