,Annualized Return (%),Annualized Volatility (%),Sharpe Ratio,Beta vs ACWI,Max Drawdown (%),Alpha (%),Information Ratio,Correlation vs ACWI
Original Portfolio,16.46602272729527,15.819047065044382,0.7880387912140203,1.0341816585184436,-26.362208770458768,5.2832223463215175,2.1123500174800984,0.9867971851410631
New Portfolio,16.263298811922166,15.834006945874995,0.7744911855755466,1.03417701692871,-26.047849929332173,5.0805306686237115,1.967432682607205,0.9858604399674579
ResMed Inc. (Standalone),5.924398141565823,31.72328411954689,0.060662008835966306,1.034026938860676,-53.749378625842716,-5.257327650231453,-0.18176927561453904,0.4919999984930278
