,Annualized Return (%),Annualized Volatility (%),Sharpe Ratio,Beta vs ACWI,Max Drawdown (%),Alpha (%),Information Ratio,Correlation vs ACWI
Original Portfolio,16.46602310149172,15.819049929688598,0.7880386721642466,1.034181847240182,-26.362208449457142,5.283219387172319,2.1123497465012675,0.9867972002974588
New Portfolio,22.836897430907733,16.02706071719707,1.1753182797077508,0.9255299676470317,-16.831621777672286,12.408724177751527,1.4986118470859404,0.8716617686584275
Eli Lilly and Company (Standalone),40.19925221917078,33.37705058340352,1.084555153509297,0.5712303602780647,-34.47500311483467,32.23183046980759,0.8895202312427539,0.25832992615074046
