,Annualized Return (%),Annualized Volatility (%),Sharpe Ratio,Beta vs ACWI,Max Drawdown (%),Alpha (%),Information Ratio,Correlation vs ACWI
Original Portfolio,16.4660212709705,15.819047706480053,0.788038667198909,1.0341822000064111,-26.362208916623803,5.2832191517478755,2.112347561478439,0.9867971680942966
New Portfolio,16.113018621233,15.49468582128637,0.7817530965740728,1.0122437677126017,-25.290029242045424,5.082587542598213,2.0008902126839376,0.9860830837850978
Bristol-Myers Squibb Company (Standalone),1.9613681522236082,23.60082288816114,-0.08637969351479811,0.302901123546102,-47.40211854792229,-4.142399280737787,-0.35324999662783085,0.19372466127314714
