,Annualized Return (%),Annualized Volatility (%),Sharpe Ratio,Beta vs ACWI,Max Drawdown (%),Alpha (%),Information Ratio,Correlation vs ACWI
Original Portfolio,16.466020768770996,15.8190498597498,0.7880385281855455,1.0341824210681476,-26.362208159842332,5.283215091588148,2.1123476238258085,0.9867971917582758
New Portfolio,16.523919154164712,15.983211247511026,0.7835671418104413,1.0443276999829032,-27.105228367890106,5.270650504975199,2.0468127774210463,0.9862429378171699
Intuitive Surgical Inc. (Standalone),14.690852243066077,32.975109449789834,0.3242097576459815,1.3723583848933514,-49.839706415807385,1.1592808323276083,0.14260275665382113,0.6281920599285912
