,Annualized Return (%),Annualized Volatility (%),Sharpe Ratio,Beta vs ACWI,Max Drawdown (%),Alpha (%),Information Ratio,Correlation vs ACWI
Original Portfolio,16.466022545271496,15.819048357721503,0.7880387153116359,1.0341825853620255,-26.36220387292299,5.283213704402725,2.112341666069576,0.9867971169438625
New Portfolio,16.219910068694343,14.235033266069783,0.8584391648610593,0.871334618038011,-18.788549931658064,6.168145045395729,0.9122572341316054,0.9239266361577555
Merck & Co. Inc. (Standalone),12.309866376938515,23.979921287180268,0.34653434752435963,0.2918988273269804,-40.718723389869666,6.282513076622104,0.05271945561240839,0.18373656897862356
