,Annualized Return (%),Annualized Volatility (%),Sharpe Ratio,Beta vs ACWI,Max Drawdown (%),Alpha (%),Information Ratio,Correlation vs ACWI
Original Portfolio,16.466021958473533,15.81904719567756,0.7880387361054072,1.0341819974210984,-26.3622103484969,5.2832192236868885,2.112355942714039,0.9867972772450341
New Portfolio,14.808659496500054,14.909143605863367,0.7249685013597492,0.9142677324718611,-21.467542608415688,4.458708728161439,0.6673483456414698,0.9256184128288163
Elevance Health Inc. (Standalone),4.932121464176009,26.509992138081866,0.03516113695247036,0.41557091169263777,-49.90080657664996,-1.9541827728414132,-0.22086562775395774,0.23661748443671995
