,Annualized Return (%),Annualized Volatility (%),Sharpe Ratio,Beta vs ACWI,Max Drawdown (%),Alpha (%),Information Ratio,Correlation vs ACWI
Original Portfolio,16.46602208130863,15.819047461020515,0.7880387306521439,1.0341821857282432,-26.362206253158956,5.283218038654436,2.112344487704324,0.9867971326799867
New Portfolio,16.22896620799832,15.565231729745873,0.785659116441434,1.0156238656812935,-25.58234558644174,5.175057033286793,1.952717239153598,0.9848916654347979
Elevance Health Inc. (Standalone),4.932109681307639,26.509997755472853,0.03516068503307247,0.41557151749661136,-49.90080656548921,-1.954198763257825,-0.22086606086355898,0.23661770545086303
