,Annualized Return (%),Annualized Volatility (%),Sharpe Ratio,Beta vs ACWI,Max Drawdown (%),Alpha (%),Information Ratio,Correlation vs ACWI
Original Portfolio,16.466022342996432,15.819048545780692,0.7880386931565116,1.0341820055745612,-26.362207077113798,5.283219551580768,2.112344280974327,0.9867971250563308
New Portfolio,21.175268271567084,14.30519243346547,1.2006317532218145,0.8820327281238585,-16.9895079881814,11.049202349381341,1.8506145802583345,0.9306840117306553
McKesson Corporation (Standalone),36.14722294143085,23.077152225830506,1.3930324949474533,0.3406643688225216,-22.897224454214495,29.781174251621334,1.0244647360837635,0.22282081289714367
